LLB,SBI,AFC,LASD,LLSD,material_id,formula,num_elements,bandgap,energy_above_hull,formation_energy_per_atom
0.0,0.4800000000000001,2.2,3.023717764620709,2.696676277056026,mp-995393,Li2 S8,2,2.1989,0.0,-0.611415285666665
0.0,3.0900000000000003,4.0,1.813696887603712,0.0,mp-2659,Li1 N3,2,3.6364,0.0,-0.205821525729167
0.0,0.9075000000000004,4.0,5.182647149302039,6.229607338603173,mp-27687,Li8 P56,2,1.688199999999999,0.0,-0.190700947499999
0.0,3.36,4.0,2.5086691287719427,4.491665376872503,mp-570935,Li2 I2,2,4.3818,0.0,-1.422324364166667
0.0,3.96,4.0,2.292948150142256,4.112524161735372,mp-976280,Li2 Br2,2,4.9348,0.0,-1.835894534166666
0.0,9.0,6.0,1.0208567589726103,0.0,mp-1138,Li1 F1,2,8.7161,0.0,-3.188945303333333
0.0,6.54,6.0,1.2710611197548278,0.0,mp-22905,Li1 Cl1,2,6.25,0.0,-2.025595019583333
0.0,3.660000000000001,6.0,1.0043095619951423,0.0,mp-23703,Li1 H1,2,2.981,0.0,-0.489362137708333
0.0,2.375999999999999,3.6,4.060637664691392,5.8266570112309966,mp-28327,Li4 Ga4 Br12,3,2.9955,0.0,-1.419440549666665
0.0,2.016,3.8,4.418792792983011,6.3746834900065785,mp-29345,Li4 Ga4 I12,3,2.2732,0.0,-1.006771274666666
0.0,1.6400000000000003,2.0,2.2226345464754687,2.5069702912910947,mp-27281,Li2 H6 O4,3,4.7458,0.0,-1.535539436180555
0.0,1.57,4.0,2.852311026222335,4.194175339998345,mp-20187,Li2 In2 Se4,3,1.5731000000000002,0.0,-1.056964433697915
0.0,1.12,4.0,3.086408579046074,4.529656000752035,mp-20782,Li2 In2 Te4,3,1.3847,0.0,-0.8370955545833321
0.0,2.4600000000000004,4.0,2.003847313088068,2.650198856223176,mp-14232,Li2 B2 O4,3,7.281099999999999,0.0,-2.756154538749999
0.0,2.06,4.0,2.1647317356302285,2.892521303270559,mp-3524,Li2 P2 N4,3,3.801599999999999,0.0,-1.025848460535714
0.0,1.12,4.0,3.0365240977861987,4.351651396468926,mp-4586,Li2 Al2 Te4,3,2.4411,0.0,-0.925174646666666
0.0,1.12,4.0,3.0256893751505256,4.346739733411671,mp-5048,Li2 Ga2 Te4,3,1.5885,0.0,-0.839710808541665
0.0,3.2800000000000007,3.333333333333333,1.888878623844464,2.46399078,mp-23856,Li2 H2 O2,3,4.0057,0.0,-1.778912719861109
0.0,1.4933333333333334,6.0,2.703224736005296,3.4203443657287504,mp-4495,K2 Li2 Te2,3,2.4134,0.0,-1.209200204083335
0.0,2.1333333333333333,6.0,2.412441657616489,3.048849130512361,mp-8430,K2 Li2 S2,3,3.0571,0.0,-1.381534287694444
0.0,2.0933333333333333,6.0,2.516122604953765,3.183022847303475,mp-8756,K2 Li2 Se2,3,2.5249,0.0,-1.363654572642361
0.0,2.1333333333333333,4.333333333333333,2.472833788551022,3.1196158256302216,mp-8751,Rb2 Li2 S2,3,2.745,0.0,-1.344601024444443
0.0,2.0,6.0,2.3874856321536058,3.2472862808911804,mp-9562,Li2 Be2 As2,3,1.0077,0.0,-0.478378983611111
0.0,2.1333333333333333,6.0,2.299648618611849,2.834975619433555,mp-8452,Na2 Li2 S2,3,2.264199999999999,0.0,-1.366714955737547
0.0,2.0933333333333333,6.0,2.575788874056929,3.2541391713692924,mp-9250,Rb2 Li2 Se2,3,2.3089,0.0,-1.33745662939236
0.0,2.016666666666667,6.0,2.317647189536572,3.102020641311793,mp-9915,Li2 Be2 P2,3,1.1585,0.0,-0.581053935992063
0.0,2.600000000000004,8.5,3.665410036383936,4.2638239563691815,mp-1198027,Li8 Si16 B8,3,1.166799999999999,0.0,-0.1432247421875
0.0,1.8450000000000004,4.5,2.842756373032107,3.6008601017539275,mp-10970,Li4 Er4 O8,3,4.110799999999999,0.0,-3.321671447083332
0.0,2.4599999999999995,3.5,5.250997579588165,6.2179795005386245,mp-1198780,Li8 Sb8 O16,3,3.0684,0.0,-1.992820258333332
0.0,1.8450000000000004,4.5,2.8535429170160147,3.592616509335073,mp-12645,Li4 Ho4 O8,3,4.385099999999999,0.0,-3.299361123333331
0.0,2.18,3.333333333333333,4.26968621538452,5.3436283470439685,mp-22983,Li4 Al4 Cl16,3,5.605,0.0,-1.8320611681944432
0.0,1.9799999999999995,3.333333333333333,4.555556459047678,5.698901925556165,mp-28326,Li4 Ga4 Br16,3,3.490999999999999,0.0,-1.455603496805555
0.0,2.18,3.333333333333333,4.2749581643859775,5.3493859702005295,mp-28341,Li4 Ga4 Cl16,3,4.5316,0.0,-1.530478074027777
0.0,2.131999999999997,3.333333333333333,5.217896243923073,5.536232151931409,mp-29195,Li12 P12 O36,3,5.722,0.0,-2.702727293428572
0.0,2.746666666666666,4.666666666666667,2.2505212226432145,2.907137382229925,mp-29463,Li4 Be4 N4,3,2.6858,0.0,-0.9938989936111112
0.0,1.68,3.333333333333333,5.054177429826923,6.282508765403535,mp-541001,Li4 In4 I16,3,2.3673,0.0,-0.999954962916666
0.0,1.68,3.333333333333333,4.962234074325916,6.204242066263494,mp-567967,Li4 Ga4 I16,3,2.5693,0.0,-1.005210975972221
0.0,2.355,6.0,2.9980888969313817,4.112746313698111,mp-35388,Li2 Sm2 Se4,3,1.5829,0.0,-1.9283516161979184
0.0,3.690000000000001,6.0,2.333541140543021,3.174843084422001,mp-5488,Li2 In2 O4,3,1.814299999999999,0.0,-2.061352058749999
0.0,2.4600000000000004,5.0,2.433833111674891,3.292165645990972,mp-754605,Li2 Lu2 O4,3,4.6174,0.0,-3.38577283375
0.0,2.25,3.0,1.9612748800688824,0.0,mp-27419,Li1 Bi1 F6,3,2.5394,0.0,-2.312456967708334
0.0,2.25,3.0,1.9522479861504425,0.0,mp-3980,Li1 Sb1 F6,3,4.933400000000001,0.0,-2.8683524941666683
0.0,2.25,3.0,1.9431022370986952,0.0,mp-9144,Li1 As1 F6,3,5.1404,0.0,-2.559708187395833
0.0,2.952000000000001,4.8,2.214019679696766,2.926845377577425,mp-9657,Li2 As2 O6,3,3.385799999999999,0.0,-1.9846346261666632
0.0,2.25,3.0,1.9278896719625915,0.0,mp-9143,Li1 P1 F6,3,7.5394,0.0,-2.922815228080357
0.0,2.18,4.0,3.661989721321116,4.255209477262119,mp-1188344,Cs4 Li4 Cl8,3,5.1073,0.0,-2.116468611041666
0.0,2.4600000000000004,4.0,2.7754798551700453,2.8594326717471925,mp-1540429,Li4 Bi4 O8,3,2.521699999999999,0.0,-1.842064596458333
0.0,2.0,4.0,2.453078257047272,3.5414871571153577,mp-561430,Li2 Lu2 F8,3,7.754200000000001,0.0,-4.095328204722222
0.0,0.8400000000000002,6.428571428571429,7.490163093165905,8.16637889384191,mp-680450,K32 Li16 Sn64,3,1.0043,0.0,-0.287122640851189
0.0,3.0,4.0,3.047277848862227,3.6244253919581575,mp-7594,Cs4 Li4 F8,3,6.2744,0.0,-3.018766748541665
0.0,2.0,2.6666666666666665,3.377056835510609,4.337929631707438,mp-12403,Li3 B3 F12,3,8.246,0.0,-3.140991253194444
0.0,2.0500000000000003,4.5,3.147213841569845,3.8041948160821,mp-6499,Ba4 Li4 B4 O12,4,4.489000000000001,0.0,-2.958859195833334
0.0,0.5788235294117648,2.588235294117647,4.732243299102193,5.986993119536538,mp-740714,Li4 B20 H8 O36,4,6.249600000000001,0.0,-2.571287556862746
0.0,1.405714285714286,3.4285714285714284,3.707956297180023,4.721161607973454,mp-1222525,Li6 Al6 Ge6 O24,4,3.8893999999999993,0.0,-2.71391904690476
0.0,1.405714285714286,3.4285714285714284,3.7160058528902273,4.735438022249851,mp-18147,Li6 Ga6 Si6 O24,4,4.2293,0.0,-2.785973274166667
0.0,1.405714285714286,3.4285714285714284,3.617864212768635,4.61866523220252,mp-18220,Li6 Al6 Si6 O24,4,5.2489,0.0,-3.210481965714286
0.0,0.3745454545454545,5.363636363636363,4.174609311880046,5.562881120421424,mp-1020056,Li4 Ca12 Si8 N20,4,2.4382,0.0,-1.299695935075759
0.0,0.9840000000000002,3.2,2.8607357297524403,4.212243699520551,mp-1188898,Li2 La2 C4 O12,4,4.1747,0.0,-2.596689019333334
0.0,0.96,3.6,4.153563746908731,6.953737164048224,mp-1188124,Li2 Al2 P4 S12,4,2.749,0.0,-0.947577298761904
0.0,1.6400000000000003,2.4444444444444446,3.613446397643836,4.386776958858245,mp-1195620,Li4 H8 Cl4 O20,4,5.565,0.0,-1.102834517592593
0.0,0.5466666666666667,3.111111111111111,3.6009149977658206,5.696139913686578,mp-1199215,Li2 Sm2 P8 O24,4,6.0068,0.0,-2.927127276216931
0.0,1.6400000000000003,2.4444444444444446,3.751693270256791,4.5719245987491135,mp-1201902,Li4 H8 Br4 O20,4,3.0459,0.0,-0.944151169537037
0.0,0.5466666666666667,3.111111111111111,3.57843310873975,5.687031193363215,mp-18194,Li2 Tb2 P8 O24,4,6.0116,0.0,-2.930098251865078
0.0,0.5466666666666667,3.111111111111111,3.627153049524599,5.75264446928518,mp-18711,Li2 Nd2 P8 O24,4,5.9792000000000005,0.0,-2.92579070246693
0.0,0.5466666666666667,3.0,3.5559040831208395,5.608903126278064,mp-504354,Li2 Bi2 P8 O24,4,5.1324,0.0,-2.565099889272486
0.0,0.5466666666666667,2.888888888888889,3.5960206702401343,5.625435138414689,mp-504353,Li2 Sb2 P8 O24,4,4.6713000000000005,0.0,-2.519053130661376
0.0,0.9839999999999998,3.25,4.970970222616177,5.724372669663461,mp-559142,K8 Li8 P16 O48,4,5.493799999999999,0.0,-2.7001274273619043
0.0,0.5466666666666667,3.111111111111111,3.657633649507168,5.798816456522796,mp-560866,Li2 La2 P8 O24,4,5.2206,0.0,-2.9424519467724872
0.0,0.5466666666666667,3.111111111111111,3.595669406127254,5.7080567773024455,mp-6248,Li2 Gd2 P8 O24,4,3.4752,0.0,-2.91949997510582
0.0,2.0,4.0,3.2463023472766057,4.402426628715355,mp-1193222,Li3 Mg3 Al3 F18,4,7.5661,0.0,-3.714650802037037
0.0,0.8133333333333334,4.0,3.07126650147243,4.0990773222186645,mp-1193498,Li3 Mg3 Al3 H18,4,3.3555,0.0,-0.287372329537036
0.0,1.405714285714286,3.571428571428572,3.1191250171766263,5.336426955715079,mp-6800,K2 Li2 S2 O8,4,5.3245000000000005,0.0,-2.302551026869047
0.0,0.2838461538461538,3.0,4.167914616370556,6.949144097025995,mp-17672,Ba2 Li2 B18 O30,4,5.7835,0.0,-2.944493483878204
0.0,0.5676923076923078,3.0,4.100588686075544,6.9142271937402,mp-18495,Sr2 Li2 B18 O30,4,5.7528,0.0,-2.928699249070513
0.0,2.0,4.0,3.265748605394018,5.771002133240248,mp-12829,Li2 Ca2 Ga2 F12,4,6.4003,0.0,-3.462266970092592
0.0,2.0,4.0,3.318222127583681,5.892084375884879,mp-6591,Sr2 Li2 Al2 F12,4,7.3154,0.0,-3.876253812592592
0.0,2.0,4.0,3.2272625249294986,5.690020973571549,mp-6134,Li2 Ca2 Al2 F12,4,7.6448,0.0,-3.870292022592592
0.0,1.8,4.8,2.250134313115061,0.0,mp-1206808,Cs2 Li1 Al1 F6,4,6.8832,0.0,-3.437782690264368
0.0,1.8,5.6,4.17248683448363,5.53846761110204,mp-556996,K6 Li3 Al3 F18,4,7.2688,0.0,-3.464421298116666
0.0,1.8,4.8,2.2743806687253563,0.0,mp-6654,Cs2 Li1 Ga1 F6,4,6.111499999999999,0.0,-3.078533694014368
0.0,1.0,3.333333333333333,2.9597144862676767,0.0,mp-13634,Cs2 Li1 Al3 F12,4,7.0872,0.0,-3.662050771257982
0.0,1.8,6.0,3.3419967680476823,5.360655371593944,mp-14638,Rb4 Li2 Ga2 F12,4,6.1124,0.0,-3.089955832083333
0.0,0.7320000000000003,4.8,3.096184876443655,4.982670960525886,mp-23774,K4 Li2 Al2 H12,4,2.5761000000000003,0.0,-0.370907902533333
0.0,1.308,4.8,4.122466891614444,6.413868706815783,mp-571527,Cs4 Li2 In2 Cl12,4,3.2418,0.0,-2.012196700931032
0.0,1.341818181818182,6.545454545454546,3.285932843436113,5.657217091714264,mp-1190151,Sr6 Li2 Sb2 O12,4,3.1732,0.0,-2.777010612121212
0.0,1.7142857142857142,3.571428571428572,3.0204755293661187,5.171665210165031,mp-6253,K2 Li2 Be2 F8,4,6.8529,0.0,-3.353237281511904
0.0,1.6399999999999992,4.111111111111111,5.228146417735233,5.692199061353652,mp-559533,Na9 Li9 C9 O27,4,4.4629,0.0,-2.166415904165069
0.0,1.0299999999999998,3.0,3.156342351691157,2.8369196666666667,mp-642740,Cs3 Li3 H12 N6,4,1.996999999999999,0.0,-0.5114048326652301
0.0,0.7379999999999993,2.6,6.672525460322499,7.5726542834256705,mp-1020060,Li8 B8 S32 O112,4,5.5781,0.0,-1.907980551874999
0.0,1.6400000000000003,3.0,3.706018772032076,4.857447404987389,mp-23843,Li4 H4 Se4 O12,4,4.3019,0.0,-1.602939372404514
0.0,0.9461538461538456,3.3076923076923075,5.277967567302739,5.986326765449215,mp-6648,K8 Li8 B32 O56,4,5.3382,0.0,-2.7958759248846152
0.0,0.7569230769230768,3.230769230769231,5.3705239219224685,6.079390803320971,mp-6787,Rb8 Li8 B32 O56,4,5.1405,0.0,-2.792680190096153
0.0,0.3514285714285715,3.0,5.716375435774096,9.35359023089685,mp-1223108,Li2 U8 As6 O40,4,1.8788,0.0,-2.816627484494046
0.0,1.03,4.0,3.2415347047636445,3.805988812388296,mp-1189974,Li2 La2 C4 N8,4,3.2525,0.0,-0.9276773760416672
0.0,0.5466666666666667,3.2222222222222223,4.5122482167940205,7.442297948237084,mp-6075,Ba4 Li2 B10 O20,4,5.1407,0.0,-3.032362909675926
0.0,1.0,4.666666666666667,3.213760125579669,5.443708224012194,mp-12240,Na4 Li2 Be4 F14,4,6.9483,0.0,-3.329258121757663
0.0,0.8200000000000002,3.333333333333333,3.357876353100726,6.17891863474775,mp-1211108,Li2 Gd2 S4 O16,4,2.6325000000000003,0.0,-2.390142622361111
0.0,1.648,4.0,1.9667095751352195,0.0,mp-1222299,Li1 Mg1 B1 N2,4,2.6464,0.0,-1.0789089135
0.0,0.756923076923077,2.769230769230769,3.173994897485736,2.7758051108667825,mp-1192746,Li2 As4 H6 O14,4,3.301,0.0,-1.641737012852573
0.0,1.5106666666666668,5.533333333333333,3.991784339857714,4.386400620275931,mp-568385,Sr6 Li6 Ga6 N12,4,2.2221,0.0,-0.727548946833332
0.0,1.6400000000000003,2.6666666666666665,2.602313519010453,2.75262106986,mp-642650,Li2 P2 H4 O4,4,5.3164,0.0,-1.676646002579364
0.0,1.6400000000000003,2.6666666666666665,2.619856554782714,2.9659687811040003,mp-7744,Li2 S2 O6 F2,4,5.7916,0.0,-2.223887498472223
0.0,0.9840000000000002,3.2,3.8566929781073194,4.947421479676818,mp-1198930,Li4 Ga4 Se8 O24,4,4.2558,0.0,-1.720058152802083
0.0,0.3485714285714286,5.142857142857143,2.9853849415064238,4.820716037088474,mp-1104693,Li2 Ca4 H2 C6,4,1.2992,0.0,-0.27437898672619
0.0,0.2195238095238096,6.761904761904762,6.732875960218407,9.500537158044882,mp-569282,Li4 Ca40 Mg4 Sb36,4,1.213099999999999,0.0,-1.048838448015872
0.0,1.6479999999999997,5.6,2.91609653745354,3.3644956883164205,mp-1020031,Li4 Ca4 Al4 N8,4,2.7797,0.0,-1.181673299166667
0.0,2.0500000000000003,5.0,3.051621187499716,3.677660499972488,mp-10814,Sr4 Li4 B4 O12,4,4.3589,0.0,-2.999272073333333
0.0,0.5885714285714284,2.142857142857143,4.632199614259372,6.111592295883351,mp-1194674,Li4 Ga4 H32 N16,4,3.1636,0.0,-0.512446292559524
0.0,0.7490909090909089,1.9090909090909087,4.04396574693797,5.217005863315744,mp-1197059,Li4 Sn4 H24 N12,4,2.881,0.0,-0.432227570075757
0.0,0.6560000000000001,2.7333333333333334,4.273337301178911,4.9261428370475215,mp-1203059,Li4 As12 H8 O36,4,2.8119,0.0,-1.6584136003888892
0.0,0.7175000000000001,4.041666666666667,5.434284046170911,6.912626197189822,mp-1211079,Li4 Tb24 B12 O56,4,4.7094000000000005,0.0,-3.592606311284721
0.0,0.7175000000000001,4.041666666666667,5.409965310820549,6.883366993230779,mp-1211233,Li4 Dy24 B12 O56,4,4.7578,0.0,-3.600779786701386
0.0,0.7175000000000001,4.041666666666667,5.338349944219967,6.796267216888455,mp-1211183,Li4 Tm24 B12 O56,4,4.8766,0.0,-3.635536231180557
0.0,0.7175000000000001,4.0,5.528547646202571,7.024294268057257,mp-1211144,Li4 Sm24 B12 O56,4,4.5108000000000015,0.0,-3.534829584930555
0.0,0.4100000000000001,3.875,5.596183036347038,7.1073365862687945,mp-1211241,Li4 Nd24 B12 O56,4,4.4113,0.0,-3.4942875499305552
0.0,1.5,5.25,3.8630971980500752,5.091013027892455,mp-1211435,K4 Li4 Tb4 F20,4,7.3874,0.0,-3.80728028278125
0.0,1.5,5.25,3.890847023397981,5.119754886432038,mp-1211585,K4 Li4 Gd4 F20,4,4.5921,0.0,-3.767145402885417
0.0,1.5,5.25,3.799850684140371,5.031552858694628,mp-1211480,K4 Li4 Lu4 F20,4,7.4932,0.0,-3.81813496215625
0.0,0.4100000000000001,3.75,5.60236666771003,7.08921007299356,mp-1211486,Li4 Pr24 B12 O56,4,4.3181,0.0,-3.465967741284721
0.0,1.5,5.125,3.852991287153518,5.08582800782499,mp-1211461,K4 Li4 Dy4 F20,4,7.3887,0.0,-3.808915327781249
0.0,1.5,5.0,3.9202900687679394,5.192164423457408,mp-1211494,K4 Li4 Ho4 F20,4,7.378,0.0,-3.810374347260416
0.0,1.7142857142857142,3.571428571428572,3.955781603614952,5.180051339099492,mp-18704,Cs4 Li4 Be4 F16,4,7.0366,0.0,-3.3528063647126443
0.0,0.7320000000000003,5.6,2.9679768861382385,5.140628168895929,mp-24413,Na4 Li2 Al2 H12,4,3.1678,0.0,-0.316796481859194
0.0,1.3333333333333333,3.555555555555556,4.037495609831071,5.255763660360842,mp-543044,Ba4 Li4 Al4 F24,4,7.4521,0.0,-3.860047451203703
0.0,1.3333333333333337,5.0,3.780397004060027,4.584472163261872,mp-554076,Ba4 Li4 B4 S12,4,2.1532,0.0,-1.532940570416666
0.0,0.3514285714285715,3.0,6.079870695346705,7.620663645869972,mp-555232,Li4 U16 P12 O80,4,1.838899999999999,0.0,-3.229446636955781
0.0,0.6560000000000001,5.2,5.463857910166623,7.352411994040476,mp-557473,K20 Li4 Ge8 O28,4,3.3197,0.0,-2.086975833472221
0.0,0.8200000000000002,3.5,4.511919640303977,4.05551438128244,mp-559719,Li4 Pr4 S8 O32,4,5.3953,0.0,-2.528483322499999
0.0,1.6479999999999997,5.6,2.970451270531293,3.4107471002972205,mp-570948,Li4 Ca4 Ga4 N8,4,2.1319,0.0,-0.840424472166667
0.0,2.0500000000000003,4.666666666666667,3.1570677340057087,3.8601535397125297,mp-562137,K4 Li4 C4 O12,4,4.5495,0.0,-2.189758444680555
0.0,1.093333333333333,3.7222222222222223,4.983771768047401,5.90819089758211,mp-561474,K24 Li8 Si8 O32,4,3.674399999999999,0.0,-2.430990501398148
0.0,1.405714285714286,3.7142857142857135,3.804303293371405,4.968556284825991,mp-6211,Rb4 Li4 S4 O16,4,5.3396,0.0,-2.3004494801190463
0.0,1.405714285714286,2.7142857142857144,3.3400197445353856,4.289373113769883,mp-643458,Li4 H4 S4 O16,4,6.1448,0.0,-1.936632521369047
0.0,1.405714285714286,3.857142857142857,3.997745950894607,5.225980559991087,mp-6726,Cs4 Li4 S4 O16,4,5.378,0.0,-2.3011960093555
0.0,0.9155555555555552,5.222222222222222,3.7108346961332312,4.602592355721596,mp-1020627,Sr4 Li4 Al12 N16,4,3.0465,0.0,-1.31789140037037
0.0,0.6833333333333335,3.2222222222222223,3.5103141794476533,3.6276826921058944,mp-554917,Li2 Sn4 P6 O24,4,3.4851,0.0,-2.528996888181216
0.0,1.366666666666667,3.333333333333333,3.374736240742698,4.792186418344569,mp-558943,Li2 U2 As2 O12,4,2.2759,0.0,-2.709139970648147
0.0,0.4577777777777778,1.8333333333333333,3.2777009297332924,4.403382073517035,mp-773582,Li2 Te2 H24 N8,4,1.3014,0.0,-0.5084891327777771
0.0,0.8200000000000001,3.0,3.05933819018457,0.0,mp-973966,Li1 In1 I4 O12,4,3.0613,0.0,-1.147699379444444
0.0,0.756923076923077,4.615384615384615,3.928061166300912,6.248807848466384,mp-1020164,Na6 Li2 P4 O14,4,4.8511,0.0,-2.639629860135151
0.0,0.756923076923077,3.230769230769231,4.273580038833455,6.769145989329877,mp-1019794,K6 Li2 P4 O14,4,5.0761,0.0,-2.671974138028388
0.0,1.308,7.2,2.9415245479884886,0.0,mp-1110680,Rb2 Li1 Sb1 Cl6,4,2.9411,0.0,-1.878165215833332
0.0,1.308,7.2,3.011247457281236,0.0,mp-1110684,Rb2 Li1 Bi1 Cl6,4,3.6153999999999993,0.0,-1.932271605833333
0.0,1.308,4.8,2.9823280975034265,0.0,mp-1110869,K2 Li1 Bi1 Cl6,4,3.6182,0.0,-1.894873532783334
0.0,1.8,4.8,2.3798710587673844,0.0,mp-1111112,K2 Li1 Ga1 F6,4,6.1271,0.0,-3.104614807533333
0.0,1.308,4.8,2.9461264681799912,0.0,mp-1111126,K2 Li1 Lu1 Cl6,4,5.0952,0.0,-2.43546777145
0.0,1.308,4.8,3.047266366225331,0.0,mp-1111446,Cs2 Li1 Er1 Cl6,4,5.1941,0.0,-2.489334767264368
0.0,1.8,4.8,2.403597719278325,0.0,mp-1111671,K2 Li1 In1 F6,4,5.2984,0.0,-3.02043609045
0.0,1.1880000000000002,4.8,3.230409350940005,0.0,mp-1111839,Cs2 Li1 Pr1 Br6,4,3.9721,0.0,-2.140288113431034
0.0,1.1880000000000002,4.8,3.2299960636320564,0.0,mp-1111845,Cs2 Li1 Nd1 Br6,4,3.9972,0.0,-2.144003541014368
0.0,1.308,4.8,3.051508750754191,0.0,mp-1112624,Cs2 Li1 Gd1 Cl6,4,2.782,0.0,-2.482845278264368
0.0,1.008,4.8,3.4825313468034635,0.0,mp-1112834,Cs2 Li1 Nd1 I6,4,2.9743,0.0,-1.671915922014368
0.0,1.308,4.8,3.0516363710304275,0.0,mp-1112669,Cs2 Li1 Tb1 Cl6,4,5.0434,0.0,-2.487051111931034
0.0,1.308,4.8,3.0579100856796244,0.0,mp-1112671,Cs2 Li1 Sm1 Cl6,4,4.9508,0.0,-2.476640961764368
0.0,1.308,4.8,2.991545816706371,0.0,mp-1112998,Cs2 Li1 Tm1 Cl6,4,5.2527,0.0,-2.386300208166665
0.0,1.008,4.8,3.4844548684360874,0.0,mp-1113008,Cs2 Li1 Pr1 I6,4,2.960899999999999,0.0,-1.670642214431034
0.0,1.308,4.8,3.048313740535175,0.0,mp-1113018,Cs2 Li1 Dy1 Cl6,4,5.0917,0.0,-2.4873172784310342
0.0,1.8,4.8,2.46955320249966,0.0,mp-1113748,Rb2 Li1 As1 F6,4,4.5851,0.0,-2.808733546583333
0.0,1.308,4.8,2.985281325339601,0.0,mp-1113971,Rb2 Li1 Tm1 Cl6,4,5.2728,0.0,-2.466921009833334
0.0,1.308,4.8,2.9824919990125,0.0,mp-1113976,Rb2 Li1 Lu1 Cl6,4,5.2953,0.0,-2.466382671500001
0.0,1.8,4.8,2.4715746139970096,0.0,mp-1113693,Rb2 Li1 Tl1 F6,4,3.4666,0.0,-2.730992243166667
0.0,1.8,4.8,2.4705647186198845,0.0,mp-1113733,Rb2 Li1 In1 F6,4,5.2622,0.0,-3.013948160499999
0.0,1.1880000000000002,4.8,3.1603163033657427,0.0,mp-567628,Rb2 Li1 Dy1 Br6,4,4.1439,0.0,-2.115091375999999
0.0,1.308,4.8,3.04563185491858,0.0,mp-570379,Cs2 Li1 Lu1 Cl6,4,5.3389,0.0,-2.487084079931035
0.0,1.1880000000000002,4.8,3.206337587854476,0.0,mp-989405,Cs2 Li1 In1 Br6,4,1.318,0.0,-1.701866446931034
0.0,1.308,2.4,2.946562194763505,0.0,mp-989512,Li1 Tl2 In1 Cl6,4,2.8771,0.0,-1.5736920236666672
0.0,1.8,2.4,2.466902641963911,0.0,mp-989551,Li1 Tl2 In1 F6,4,4.1011,0.0,-2.592978106666667
0.0,1.8,2.4,2.485069884574326,0.0,mp-989577,Li1 Tl2 Ga1 F6,4,4.3717,0.0,-2.645941066750001
0.0,1.308,4.8,2.9753959948998503,0.0,mp-989583,Rb2 Li1 In1 Cl6,4,2.8282,0.0,-1.980378803499999
0.0,0.8828571428571429,5.142857142857143,2.601130759232656,0.0,mp-6799,Li1 Ca4 B3 N6,4,2.1934,0.0,-1.3168749807738092
0.0,0.8828571428571429,5.142857142857143,2.75678665174469,0.0,mp-9723,Sr4 Li1 B3 N6,4,2.0686,0.0,-1.251986870059524
0.0,0.7380000000000001,6.0,3.4220973281624607,0.0,mp-7971,Ba4 Li1 Sb3 O12,4,1.454399999999999,0.0,-2.557289012666666
0.0,0.5466666666666667,3.111111111111111,3.4482648632959094,5.737425223959887,mp-1019715,Cs2 Li2 B12 O20,4,5.2081,0.0,-2.841563735999361
0.0,2.3600000000000003,4.0,2.7597743358243663,2.920459056149381,mp-6015,Li4 Si4 N4 O4,4,5.254399999999999,0.0,-2.120794075208334
0.0,1.4057142857142857,3.2142857142857144,5.571592446122123,6.269583602420106,mp-22694,Li8 P8 Pb8 O32,4,3.6252,0.0,-2.501715246139455
0.0,1.2300000000000002,3.0,3.452372822171567,4.714183525929816,mp-24610,Li4 P4 H8 O16,4,5.8554,0.0,-2.194765020684523
0.0,0.7552941176470589,2.823529411764706,4.384242920824052,6.166696404298951,mp-558105,Li4 B24 O36 F4,4,6.4556,0.0,-2.86485175622549
0.0,1.2300000000000002,3.5,3.1577595790757904,5.264664771207037,mp-14364,Cs4 Li2 As2 O8,4,3.7302,0.0,-2.096997168767959
0.0,1.2300000000000002,4.75,3.0741551730852965,5.0981836954806194,mp-14363,Rb4 Li2 As2 O8,4,3.5526,0.0,-2.107650687604167
0.0,1.1833333333333331,2.333333333333333,2.9674449552228115,4.46551447267974,mp-1103298,Li2 H6 I2 N2,4,3.8235,0.0,-0.8020828520138881
0.0,1.0588235294117647,2.117647058823529,4.744000852338159,8.153266088493835,mp-1197471,Li2 As2 Xe6 F24,4,2.9661,0.0,-1.690973945931372
0.0,2.4,6.0,2.3360575424394314,0.0,mp-1222404,Li1 Bi1 S2,3,1.4793,0.0,-0.985776147083332
0.0,2.4,6.0,2.3437160345672634,0.0,mp-1222296,Li1 Sm1 S2,3,1.9482,0.0,-2.052949153333333
0.0,2.4,6.0,2.318021236477097,0.0,mp-1222297,Li1 Tb1 S2,3,2.0554,0.0,-2.08934224125
0.0,2.355,6.0,2.4064241590024875,0.0,mp-15796,Li1 Ho1 Se2,3,1.5729000000000002,0.0,-1.962550009947914
0.0,2.355,6.0,2.4020691715524665,0.0,mp-15797,Li1 Er1 Se2,3,1.6151,0.0,-1.9578455220312487
0.0,2.4,6.0,2.3126112233192515,0.0,mp-15789,Li1 Dy1 S2,3,1.934699999999999,0.0,-2.093866129999999
0.0,2.4,6.0,2.2999057728946366,0.0,mp-15791,Li1 Er1 S2,3,2.006599999999999,0.0,-2.104926434583332
0.0,2.355,6.0,2.420130331875577,0.0,mp-15793,Li1 Tb1 Se2,3,1.5013,0.0,-1.926553913671874
0.0,2.355,6.0,2.412878548766453,0.0,mp-15795,Li1 Dy1 Se2,3,1.534799999999999,0.0,-1.9649048499479127
0.0,2.4,6.0,2.307592794069058,0.0,mp-15790,Li1 Ho1 S2,3,1.9863,0.0,-2.09772104083333
0.0,2.355,6.0,2.426592975665976,0.0,mp-15792,Li1 Gd1 Se2,3,1.1717,0.0,-1.926430368697914
0.0,4.5,4.0,1.6866961623493792,0.0,mp-24199,Li1 H1 F2,3,8.0448,0.0,-2.538795086145833
0.0,3.69,6.0,1.7606087562491188,0.0,mp-8001,Li1 Al1 O2,3,6.1183,0.0,-3.096943435208333
0.0,2.952000000000001,3.6,2.226557568585364,3.651944337074754,mp-8180,Li2 N2 O6,3,2.9369,0.0,-1.386762498666665
0.0,1.21,8.0,2.957439217815626,4.747091982112111,mp-13276,Sr2 Li2 P2,3,1.343099999999999,0.0,-1.134869963214286
0.0,0.8399999999999993,6.571428571428571,6.125319920584082,6.747743014715917,mp-680436,Rb16 Li8 Sn32,3,1.087899999999999,0.0,-0.291459588511903
0.0,0.5630769230769228,1.8461538461538465,4.659227121666317,5.462824865529235,mp-1198726,Li8 B48 H48,3,5.6126000000000005,0.0,-0.401725194967948
0.0,0.3450000000000001,6.75,6.03591015432092,8.837085241233835,mp-3949,K28 Li4 Si32,3,1.7232999999999992,0.0,-0.058595948692708
0.0,1.0542857142857145,4.571428571428571,3.905317845758913,4.836674270592647,mp-530399,Li4 Al20 O32,3,5.5169000000000015,0.0,-3.350604872559523
0.0,1.0542857142857145,4.571428571428571,4.065747975108748,5.034867084598226,mp-28146,Li4 Ga20 O32,3,2.8766,0.0,-2.313177789702379
0.0,2.926666666666667,9.333333333333334,1.8358667012084744,0.0,mp-1100398,Li1 Be1 Sb1,3,1.010499999999999,0.0,-0.325963126111111
0.0,1.4266666666666663,5.333333333333333,2.059990030169196,0.0,mp-1207082,Li1 Mg1 Sb1,3,1.4438,0.0,-0.616211496111109
0.0,1.6000000000000003,5.333333333333333,1.914606773509054,0.0,mp-12558,Li1 Mg1 As1,3,1.372299999999999,0.0,-0.8998631680555551
0.0,2.7466666666666666,5.333333333333333,1.5416753926835505,0.0,mp-37906,Li1 Mg1 N1,3,2.4462,0.0,-0.8117910368055551
0.0,1.6133333333333333,5.333333333333333,1.8590129010491727,0.0,mp-36111,Li1 Mg1 P1,3,1.7113,0.0,-0.75129741765873
0.0,0.0,2.4,2.5799921296424357,0.0,mp-1185263,Li1 Pa1 O3,3,3.1954,0.0,-3.339490445666668
0.0,1.4640000000000004,4.8,1.8982253566368708,0.0,mp-23818,Ba1 Li1 H3,3,2.2146,0.0,-0.6094920114166651
0.0,2.1333333333333337,3.333333333333333,3.0016297613919494,3.976074539091352,mp-644419,Li4 H4 S4,3,3.8142,0.0,-0.934918467777778
0.0,1.6000000000000003,4.0,3.4774671595858755,4.359195014357172,mp-1106183,Li4 Al4 S8,3,4.1061,0.0,-1.530500146458333
0.0,1.57,4.0,3.6722029496656696,4.606146138426547,mp-11582,Li4 Ga4 Se8,3,2.0656,0.0,-1.063571209322917
0.0,1.6000000000000003,4.0,3.6428539280516734,4.567042882701453,mp-1188392,Li4 In4 S8,3,2.187499999999999,0.0,-1.182090984374999
0.0,1.6000000000000003,4.0,3.486521098167396,4.371680789523913,mp-3647,Li4 Ga4 S8,3,2.9608,0.0,-1.276394505208333
0.0,2.4600000000000004,4.0,2.840070822169853,3.5527748197005926,mp-5854,Li4 Ga4 O8,3,3.1981,0.0,-2.378874777083333
0.0,1.57,4.0,3.664002446422944,4.5956242955387925,mp-7117,Li4 Al4 Se8,3,3.0233,0.0,-1.276307118072917
0.0,1.3733333333333333,4.0,2.5854953704217998,3.0711748091872275,mp-1020059,Li2 Ge4 N6,3,2.763,0.0,-0.50848024388889
0.0,1.405714285714286,2.571428571428572,2.726987520849925,3.3022724359966995,mp-772968,Li2 Tl2 P2 H2 O6,5,3.992199999999999,0.0,-1.983996135365648
0.0,0.8200000000000002,3.6666666666666665,4.398280002375024,5.405061347595935,mp-1195542,Rb8 Li4 Nd4 B8 O24,5,4.255299999999999,0.0,-2.850369563888888
0.0,0.8200000000000002,2.6666666666666665,4.591379628175427,5.643736667073099,mp-1194993,Cs8 Li4 Nd4 B8 O24,5,4.476199999999999,0.0,-2.830112944039751
0.0,0.3514285714285715,3.0,8.332128616507989,10.687076243273443,mp-1198331,Rb16 Li4 H12 S16 O64,5,5.095000000000001,0.0,-2.045187321324404
0.0,0.4685714285714286,2.095238095238096,3.620817434276789,4.860486268046837,mp-560246,Li2 U2 P2 H16 O20,5,2.4741,0.0,-2.076988295379818
0.0,0.8945454545454546,2.5454545454545454,3.543068423456809,5.857286648083375,mp-1222409,Li2 Ga2 B2 H6 O10,5,4.4692,0.0,-2.055774552159091
0.0,0.756923076923077,5.384615384615385,3.362731791265408,5.685048814796051,mp-559875,K6 Na4 Li2 Te2 O12,5,2.4555,0.0,-1.831739977269894
0.0,1.153333333333333,4.666666666666667,3.976435080281149,5.22290466296909,mp-1196828,Na4 Li4 Mg4 P4 O16 F4,6,5.1228,0.0,-2.964318382983944
0.0,0.6560000000000001,3.2,4.574092788713269,5.796014751550292,mp-558267,Na4 Li4 Si4 B12 H4 O32,6,5.445699999999999,0.0,-2.717652434564175
0.0,0.24,4.536585365853658,6.741486882765726,11.39637635277328,mp-645405,Rb12 Li2 Pr22 Se24 Cl32 O72,6,3.073399999999999,0.0,-2.375456271704776
0.0,0.24,4.536585365853658,6.705349166821891,11.327307576600536,mp-607785,Rb12 Li2 Nd22 Se24 Cl32 O72,6,3.113299999999999,0.0,-2.381037219560466
0.0,7.380000000000002,6.5,2.4357723360495904,3.0659444925752077,mp-841,Li4 O4,2,1.974299999999999,0.0,-1.650170236666666
0.0,4.266666666666667,5.333333333333333,1.7634981581266544,2.8351677243799,mp-1153,Li2 S1,2,3.3862,0.0,-1.503132669722222
0.0,6.560000000000001,5.333333333333333,1.4473230052578565,2.326854259594377,mp-1960,Li2 O1,2,4.8986,0.0,-2.061597913888889
0.0,4.1866666666666665,5.333333333333333,1.8511247080409003,2.976044239050556,mp-2286,Li2 Se1,2,2.9746,0.0,-1.451676987465277
0.0,2.986666666666667,5.333333333333333,2.025803346657632,3.2568744936309395,mp-2530,Li2 Te1,2,2.4914,0.0,-1.178086924444443
0.0,4.0,4.0,2.935218455546415,3.933059681704926,mp-7791,Li4 Ge2 F12,3,5.7409,0.0,-3.016499819629629
0.0,3.2960000000000003,4.0,1.901145648188723,2.5710498581315653,mp-9610,Li2 C1 N2,3,3.7395,0.0,-0.8249675768333341
0.0,3.2960000000000016,5.0,2.8464118159223863,3.111168696775735,mp-1029776,Li8 Ge4 N8,3,2.695099999999999,0.0,-0.568242246833334
0.0,1.8299999999999987,4.142857142857143,3.7673396994157407,4.0115964519053,mp-1180666,Li16 Be8 H32,3,4.5911,0.0,-0.399996697559524
0.0,2.186666666666666,3.555555555555556,4.0332694271838525,4.062066104099009,mp-27811,Li8 Te8 O20,3,3.509199999999999,0.0,-1.8494780416666687
0.0,2.811428571428571,3.4285714285714284,3.414957192068136,3.859768118881323,mp-4556,Li8 S4 O16,3,6.0132,0.0,-2.311131788809523
0.0,2.9333333333333336,4.666666666666667,4.242249153672376,4.762605818854863,mp-558731,Li8 Te4 S12,3,1.5980999999999992,0.0,-0.929026853472221
0.0,3.2960000000000007,5.6,2.72788102452495,2.8629947892192384,mp-1976674,Li6 Th3 N6,3,2.6474,0.0,-1.25767850683333
0.0,3.4285714285714284,3.4285714285714284,3.554164817300596,3.9285504699094687,mp-4622,Li12 Be6 F24,3,7.722300000000001,0.0,-3.364770863571428
0.0,2.8114285714285687,3.4285714285714284,3.7469388611193017,4.1499617232383015,mp-4855,Li12 Se6 O24,3,3.9135,0.0,-1.851011195096726
0.0,4.920000000000001,6.0,2.388835148184446,3.078162685819056,mp-22450,Li4 Pb2 O6,3,1.044,0.0,-1.788510993611109
0.0,3.28,3.6666666666666665,4.135946501421069,4.742963647456871,mp-27231,Li8 Te4 O12,3,3.6349,0.0,-2.021365671805556
0.0,1.7444444444444445,4.0,3.7928641863193113,4.7504107727875065,mp-30100,Li4 B4 Se10,3,1.704699999999999,0.0,-0.6224246154050931
0.0,3.2800000000000007,3.6666666666666665,2.422986056764122,2.907604851739798,mp-3054,Li4 C2 O6,3,5.0574,0.0,-2.248137758194444
0.0,4.919999999999996,6.0,3.287344468077197,3.7762998575868862,mp-3540,Li8 Sn4 O12,3,3.1283,0.0,-2.224686791527778
0.0,4.0,4.0,3.1450315433912768,3.8534845662905455,mp-1193269,Li6 Si3 F18,3,8.0844,0.0,-3.406037659629626
0.0,4.0,4.0,2.0430978687411976,2.834506567125927,mp-1205739,Li2 Sn1 F6,3,5.0089,0.0,-3.028432519074074
0.0,3.2960000000000003,5.6,1.9274903777694228,2.358090824498274,mp-8181,Li2 Ce1 N2,3,1.203599999999999,0.0,-1.167017136166667
0.0,1.3733333333333333,4.0,2.498688615666835,2.908899392316221,mp-5853,Li2 Si4 N6,3,5.0143,0.0,-1.323993021388882
0.0,1.7174999999999996,6.375,2.449732663679397,2.9253625162717163,mp-569450,Li2 B12 C2,3,1.392199999999999,0.0,-0.244146521354166
0.0,0.7287499999999999,4.5625,3.14108534482536,3.025135832377821,mp-638070,Li2 B26 C4,3,2.7108,0.0,-0.164139984531249
0.0,2.952000000000001,4.8,3.0626918550292825,4.1208049608710295,mp-4995,Li4 Sb4 O12,3,2.1379,0.0,-2.118194097166666
0.0,3.0,4.0,3.6435533706211074,4.93000596196579,mp-8892,Li4 In4 F16,3,4.0149,0.0,-2.933849961111111
0.0,1.5999999999999996,6.0,3.235952756681573,4.186601664332488,mp-1095289,Li4 Ca4 As4,3,1.073299999999999,0.0,-1.236092714722222
0.0,1.5999999999999996,6.0,3.37464507442216,4.372342577777033,mp-1101989,Sr4 Li4 As4,3,1.0323,0.0,-1.199801943055556
0.0,1.626666666666666,4.0,3.0482221383002166,4.023259118033081,mp-1192133,Li4 B4 H16,3,6.3705,0.0,-0.448582993749999
0.0,1.5,2.6,4.728538098842475,6.634012289899162,mp-1195657,Li4 Sb8 F28,3,4.7225,0.0,-2.788219957583335
0.0,1.613333333333334,6.0,3.1641243006887527,4.098591186186907,mp-1211088,Li4 Ca4 P4,3,1.398699999999999,0.0,-1.190043544047618
0.0,0.7725000000000001,7.75,4.857864865364983,7.008584261870866,mp-1211905,K12 Li4 Ge16,3,1.0603,0.0,-0.249474369385415
0.0,2.4600000000000004,5.0,3.531978193802608,4.547953076383696,mp-21332,Li4 Gd4 O8,3,3.280399999999999,0.0,-3.213841752708333
0.0,2.0933333333333333,6.0,3.1714093085299395,4.090871534848529,mp-28603,Na4 Li4 Se4,3,2.4375,0.0,-1.371980806076387
0.0,2.616000000000003,3.6,5.2009487915188135,6.214940674246788,mp-29344,Li8 Ga8 Cl24,3,3.7633,0.0,-1.5089667385833332
0.0,2.4600000000000004,3.333333333333333,3.247783518390465,4.74269155710001,mp-30301,Li4 Cl4 O16,3,5.7447,0.0,-1.008014841805556
0.0,2.06,4.666666666666667,3.017192198180813,3.8635298854964986,mp-31468,Li4 Ca4 N4,3,1.378499999999999,0.0,-0.7978766309722221
0.0,2.4600000000000004,5.0,3.493078371448244,4.495993320148888,mp-7137,Li4 Tb4 O8,3,4.5467,0.0,-3.270821998749999
0.0,1.493333333333334,6.0,3.424328690674239,4.414588546213327,mp-8754,Na4 Li4 Te4,3,2.284,0.0,-1.129250698793103
0.0,2.4600000000000004,5.0,3.472040689191348,4.467715842705604,mp-976726,Li4 Dy4 O8,3,4.5644,0.0,-3.288713784999998
0.0,1.4225000000000003,7.75,3.362806108448603,4.1069492588325085,mp-973391,Li4 Si4 B24,3,1.7307,0.0,-0.202180563541666
0.0,2.365,2.25,2.31969104983283,2.823732564872779,mp-23702,Li4 H8 N4,3,3.135799999999999,0.0,-0.5905356927083331
0.0,1.9679999999999995,2.8,4.114917419592234,4.567901910342334,mp-23384,Li8 I8 O24,3,3.7886,0.0,-1.385911869166666
0.0,2.571428571428572,4.142857142857143,4.364757573219934,4.702072154426783,mp-1195868,Li8 Ce8 F40,3,2.2896,0.0,-3.813024981190474
0.0,2.571428571428572,4.285714285714286,4.470787725832259,4.845172126829375,mp-1196169,Li8 Th8 F40,3,6.5143,0.0,-4.094244219345238
0.0,2.0,4.0,2.568878252222223,3.820556377493909,mp-28567,Li2 Bi2 F8,3,4.8473,0.0,-2.815617924444446
0.0,2.4,4.5,2.7095971691437835,3.70779791982873,mp-555874,Li2 As2 S4,3,1.0664,0.0,-0.855298688958333
0.0,2.1333333333333337,4.0,3.1151340442426942,3.767605510455399,mp-1210789,Li4 Si2 S6,3,3.177699999999999,0.0,-1.306160535694442
0.0,3.2800000000000007,4.0,2.5204504245426604,3.0090911491210828,mp-15349,Li4 Ge2 O6,3,3.568,0.0,-2.322120966111109
0.0,3.2800000000000007,4.0,2.4717124437622133,2.932964745703879,mp-5012,Li4 Si2 O6,3,5.0766,0.0,-2.882894919444446
0.0,2.186666666666667,3.555555555555556,2.8571643829413347,2.7654455999949903,mp-4117,Li4 Si4 O10,3,5.154,0.0,-3.015912327407407
0.0,2.906666666666668,4.333333333333333,4.495222130733887,5.306787705188789,mp-1190687,Cs4 Li8 Cl12,3,5.326,0.0,-2.089566094722221
0.0,3.501999999999996,5.0,5.649246698105057,5.753947466943219,mp-684024,Li64 Si32 N64,3,4.0339,0.0,-1.106952388833335
0.0,2.236363636363635,3.272727272727273,4.471362770007926,5.232959790041155,mp-1020013,Li8 S8 O28,3,5.7164,0.0,-2.095759690833333
0.0,4.215000000000001,2.75,2.806287677163047,3.189353925621514,mp-1189725,Li8 H4 N4,3,2.0831,0.0,-0.582572850104166
0.0,2.236363636363635,3.272727272727273,4.713390625025858,5.508173418961468,mp-1194726,Li8 Se8 O28,3,2.9444999999999992,0.0,-1.5312309833049231
0.0,3.514285714285712,4.571428571428571,3.6255374412294543,4.3111604310867495,mp-9607,Li8 U4 O16,3,2.0439,0.0,-3.1431914013095232
0.0,1.4222222222222225,3.111111111111111,3.331262903265946,3.830401910943495,mp-29410,Li4 B4 S10,3,2.4427,0.0,-0.995566414722222
0.0,4.1000000000000005,5.333333333333333,2.0867913624145675,2.8766940928060016,mp-754534,Li2 Ce1 O3,3,2.3129,0.0,-2.998827910277773
0.0,2.0933333333333333,4.0,3.2818785031906863,4.033817538054085,mp-1095291,Li4 Sn2 Se6,3,1.479699999999999,0.0,-1.06635561561632
0.0,3.514285714285712,4.571428571428571,3.3376191889802143,3.585169676627093,mp-13843,Li8 Te4 O16,3,2.4198,0.0,-1.949830574404759
0.0,2.186666666666667,2.333333333333333,2.640284045208565,2.889236765621765,mp-1188395,K2 Li4 H6 O6,4,4.2639,0.0,-1.714021090296296
0.0,0.5466666666666667,3.4814814814814814,6.585195803825583,7.972908981579977,mp-562394,Cs16 Li8 Si24 O60,4,4.59,0.0,-2.946351956862494
0.0,2.186666666666667,3.2222222222222223,2.7478581692846635,3.048181424828992,mp-697181,Cs2 Li4 H6 O6,4,4.1415,0.0,-1.6948288144524262
0.0,1.6,4.0,2.6892264461372077,3.954294,mp-19896,Li2 Ge1 Pb1 S4,4,2.2649,0.0,-1.061395971458332
0.0,2.4600000000000004,5.0,2.1578890070493677,3.322001,mp-7610,Li2 Ca1 Si1 O4,4,5.189699999999999,0.0,-3.030369032083332
0.0,2.4600000000000004,4.5,2.195223338578882,3.415212,mp-7611,Li2 Ca1 Ge1 O4,4,4.1135,0.0,-2.604269733958333
0.0,2.4599999999999995,4.0,3.783831214102315,4.170549703804892,mp-11189,Li8 Mg4 Si4 O16,4,4.7615,0.0,-2.952021454583333
0.0,1.5138461538461536,3.8461538461538463,4.811025096085775,5.114097353983551,mp-1194965,Li8 Th4 As8 O32,4,3.9494,0.0,-2.542340858589743
0.0,0.9371428571428572,2.1904761904761907,3.545682337519162,4.618764039123989,mp-1195757,Li4 Sn2 H20 O16,4,4.465,0.0,-1.556123496388888
0.0,0.7569230769230768,2.8461538461538463,5.62289269619614,6.361310796860899,mp-1198324,Li8 B32 Se4 O60,4,4.8776,0.0,-2.639770570282452
0.0,1.3119999999999998,3.066666666666667,4.936957109996103,5.759074412108818,mp-23626,Rb4 Li8 I12 O36,4,3.8158,0.0,-1.395937227444445
0.0,1.093333333333333,3.111111111111111,4.991961267200719,5.549671830124152,mp-557177,Li8 Al4 B20 O40,4,5.6317,0.0,-2.909059632222222
0.0,2.0,3.333333333333333,4.719610919511108,5.826612989642046,mp-560518,Rb4 Li8 Be8 F28,4,7.2125,0.0,-3.393107236388889
0.0,2.9871428571428567,4.642857142857143,4.404593528980389,4.679535478592356,mp-560189,Na8 Li16 B8 O24,4,4.1479,0.0,-2.467089902994663
0.0,0.8945454545454546,3.272727272727273,4.618690766552117,5.9676859565552896,mp-559539,Li4 U6 P4 O30,4,2.2567,0.0,-3.224857878679661
0.0,2.952000000000001,4.8,2.3166647252285832,3.100086794942368,mp-1222711,Li2 Ge1 Te1 O6,4,3.0974,0.0,-2.013020709833333
0.0,0.984,2.8,6.349913439754228,7.100298867972911,mp-1080241,Li12 Ge6 S36 O126,4,3.7659,0.0,-1.852740575333333
0.0,2.4600000000000004,4.5,3.8312147696851815,4.551482614173563,mp-1191141,Sr3 Li6 Si3 O12,4,4.6041,0.0,-3.02176319125
0.0,2.4599999999999977,3.75,4.116223216539274,4.431640147370358,mp-558310,Ba6 Li12 Si6 O24,4,4.3955,0.0,-2.982801668541666
0.0,1.7749999999999997,3.1666666666666665,4.312097984921114,4.982042440734325,mp-1196457,Li8 B12 O16 F12,4,6.573499999999999,0.0,-3.002820090763889
0.0,1.4057142857142852,3.142857142857143,5.270246342604119,5.538699909291349,mp-1020015,Li16 B24 P8 O64,4,5.526599999999999,0.0,-2.792678821254252
0.0,0.3662222222222221,1.9777777777777776,5.02673622703646,6.571379451006944,mp-1198596,Li4 P14 H54 N18,4,2.090499999999999,0.0,-0.417241599842592
0.0,2.186666666666667,4.0,2.913104473208055,2.729702328847068,mp-504849,Cs4 Li4 Si2 O8,4,3.8531,0.0,-2.468895151775222
0.0,0.8482758620689657,3.034482758620689,4.149009175339732,5.205890847061486,mp-558910,Li2 U3 P4 O20,4,2.1734,0.0,-3.084229603628899
0.0,2.186666666666667,4.111111111111111,3.0252069587423005,2.8140559662198483,mp-8313,Cs4 Li4 Ge2 O8,4,3.4743999999999997,0.0,-2.102343527330779
0.0,2.186666666666667,4.111111111111111,2.8976432581503584,2.709922968661856,mp-8449,Rb4 Li4 Si2 O8,4,3.8516,0.0,-2.497921002962963
0.0,0.2589473684210526,4.842105263157895,3.8534326102932166,5.305702824974734,mp-1020592,Sr8 Li4 Si8 N16 O2,5,2.781799999999999,0.0,-1.4946958492982452
0.0,0.9111111111111104,4.037037037037037,6.247023923958363,6.829336878646598,mp-1197930,Cs4 Li8 Gd16 B20 O60,5,2.6009,0.0,-3.231391376653894
0.0,1.4057142857142857,3.928571428571429,5.71019282557122,6.480943352347098,mp-14484,K4 Na4 Li8 S8 O32,5,5.4134,0.0,-2.285341095199712
0.0,0.7872000000000001,3.08,4.707798239484129,4.583585833252182,mp-1019606,Cs4 Li4 B4 P8 O30,5,5.601,0.0,-2.756388813915271
0.0,1.405714285714286,3.642857142857143,3.2876987823937758,2.9485784862479023,mp-1020646,Na2 Li4 B2 P4 O16,5,5.8333,0.0,-2.736737692964168
0.0,0.728888888888889,1.8888888888888888,4.033170307806736,4.47959981422959,mp-1195382,Li4 Sn2 H28 Se6 O14,5,1.9732,0.0,-1.237238257822144
0.0,1.405714285714286,3.5,3.872977642883261,4.895370156021607,mp-607931,Cs6 Na2 Li4 B4 O12,5,3.6137,0.0,-2.323294394667487
0.0,1.7571428571428576,3.7142857142857135,3.3985073720938117,4.135666097858204,mp-1222810,Li4 In2 P4 H2 O16,5,3.921,0.0,-2.48351130777636
0.0,0.8303999999999996,4.48,4.840784889676103,5.794599895352449,mp-560036,Li8 Ca12 Be12 Si12 O48 F8,6,5.8431000000000015,0.0,-3.344832116266667
0.0,0.5323076923076924,3.3846153846153846,5.544881790975398,5.482394723333333,mp-1195057,K6 Ba6 Li4 Al8 B12 O40 F2,7,4.1017,0.0,-3.070058654446581
0.0,1.4520000000000008,4.5,4.49897153903171,4.909112755164417,mp-28336,Li12 P28,2,1.831999999999999,0.0,-0.426096096083331
0.0,5.5349999999999975,6.0,2.600393965462127,3.0372438087548503,mp-5769,Li6 Sb2 O8,3,3.056,0.0,-2.213717543749994
0.0,5.535,6.0,3.76370083785026,4.03036118117356,mp-557738,Li12 Bi4 O16,3,1.2236,0.0,-1.8872128728125
0.0,1.076249999999999,3.09375,5.9045275910421,6.362952782717323,mp-1020014,Li12 B44 O72,3,5.6786,0.0,-2.817591519401042
0.0,4.217142857142853,4.285714285714286,3.4421499653696976,3.762256992696095,mp-27275,Li12 B4 O12,3,5.1473,0.0,-2.5554420863095237
0.0,3.0900000000000016,4.166666666666667,2.942831461947661,3.2188438492697657,mp-5001,Li12 B4 N8,3,3.3953,0.0,-1.006785902916667
0.0,2.195999999999999,4.8,2.680134808974722,3.114025947103072,mp-31096,Li6 Al2 H12,3,3.5929,0.0,-0.355517939749999
0.0,4.8,4.4,3.983775688608317,4.273324121552285,mp-15254,Li18 Al6 F36,3,7.7827,0.0,-3.487262210833333
0.0,4.8,4.4,4.046354136240802,4.342401897063929,mp-15558,Li18 Ga6 F36,3,6.364,0.0,-3.0944041655
0.0,3.9240000000000057,4.8,4.350608455562679,5.075020359395329,mp-676361,Li9 Er3 Cl18,3,5.209899999999999,0.0,-2.216732821833333
0.0,1.453636363636364,3.363636363636364,3.563503554328454,3.898425129441059,mp-16828,Li6 B14 O24,3,5.7047,0.0,-2.8171228433712123
0.0,4.392857142857147,4.428571428571429,4.052407099290091,4.175120200760803,mp-28510,Li24 Bi8 O24,3,2.4379,0.0,-1.959947816785713
0.0,4.120000000000004,5.333333333333333,3.780697033639279,4.007611694625259,mp-1029562,Li24 In8 N16,3,1.135999999999999,0.0,-0.485028834583333
0.0,4.120000000000004,5.333333333333333,3.518708721796312,3.728575716903339,mp-13944,Li24 Al8 N16,3,3.162099999999999,0.0,-1.045083798333333
0.0,4.120000000000004,5.333333333333333,3.5823410174311467,3.800290903237444,mp-3887,Li24 Ga8 N16,3,2.738699999999999,0.0,-0.70524114625
0.0,3.690000000000001,4.0,2.710359377842655,3.2288895422493957,mp-13725,Li6 P2 O8,3,5.818099999999999,0.0,-2.753226182455357
0.0,2.400000000000001,4.0,3.577502505951383,4.246139679688425,mp-756316,Li6 Sb2 S8,3,2.2895,0.0,-1.099112301249999
0.0,3.690000000000001,4.0,2.795090237697384,3.3286320975394887,mp-9197,Li6 As2 O8,3,4.1268,0.0,-2.2690334671875
0.0,2.97142857142857,4.571428571428571,4.029612253752096,4.418106344033798,mp-1194339,Li12 Sb4 S12,3,2.4016,0.0,-1.170994167499999
0.0,2.97142857142857,4.571428571428571,3.9739118763062375,4.373546653326518,mp-28471,Li12 As4 S12,3,2.3133,0.0,-1.141217771428571
0.0,3.564,4.8,2.8361774000684457,3.939921633345723,mp-1222492,Li3 Er1 Br6,3,4.4222,0.0,-2.003262780999998
0.0,3.924000000000009,4.8,9.511975307761976,10.181401373435088,mp-676109,Li18 In6 Cl36,3,3.373,0.0,-1.872351807666666
0.0,2.7428571428571424,4.285714285714286,3.972044846016396,4.403347013820657,mp-5614,Li12 B4 S12,3,3.1466,0.0,-1.252635223452379
0.0,2.3999999999999995,4.0,4.549242581136675,5.106421962220837,mp-985583,Li12 P4 S16,3,2.8091,0.0,-1.181291934642856
0.0,3.2800000000000007,3.555555555555556,2.858414526808436,3.126499590252758,mp-696949,Li6 Te2 H2 O8,4,3.5927,0.0,-1.942006451990741
0.0,1.1421428571428558,2.9285714285714284,7.070457596572569,7.653435714227718,mp-1211772,Li12 Dy4 N24 O72,4,3.1081,0.0,-1.425532440059524
0.0,1.1421428571428558,2.9285714285714284,7.110912148444124,7.696530333135963,mp-1212130,Li12 Tb4 N24 O72,4,3.104,0.0,-1.426259162827382
0.0,1.1421428571428558,2.9285714285714284,7.03934539996694,7.619977090671755,mp-1212059,Li12 Tm4 N24 O72,4,3.0238,0.0,-1.423629258214286
0.0,1.1421428571428558,2.9285714285714284,7.018650799163903,7.597434280662874,mp-1212270,Li12 Lu4 N24 O72,4,3.1118,0.0,-1.420543826041668
0.0,1.1421428571428558,2.9285714285714284,7.0829271480030975,7.666511990631079,mp-1212476,Li12 Gd4 N24 O72,4,2.6228,0.0,-1.419740796607143
0.0,1.8811764705882328,4.352941176470588,4.8180711401852125,5.227736447879736,mp-13772,Li12 Pr8 B12 O36,4,4.7562,0.0,-3.08077181740196
0.0,2.9519999999999973,4.8,4.041223803388292,4.390097185708344,mp-17774,K8 Li12 Ga4 O16,4,3.5967,0.0,-2.0522001912
0.0,1.1421428571428558,2.9285714285714284,7.132434701278289,7.726870914084435,mp-559129,Li12 Er4 N24 O72,4,3.1214,0.0,-1.427085421339287
0.0,2.4599999999999977,4.166666666666667,3.8649382682488778,4.216517545110747,mp-559706,Li12 Gd4 B8 O24,4,3.1764,0.0,-2.960003497569446
0.0,2.4599999999999977,4.166666666666667,3.961316740290224,4.3286507526378815,mp-768820,Li12 Bi4 B8 O24,4,3.4538,0.0,-2.465725820902778
0.0,1.4760000000000004,3.6,3.608612153743856,3.940291446090783,mp-6425,Li6 In4 P6 O24,4,3.8434,0.0,-2.5862366378630943
0.0,3.2799999999999967,4.666666666666667,3.655121324793756,3.915076805853154,mp-1211498,K4 Li12 Si4 O16,4,4.875699999999999,0.0,-2.613072448583333
0.0,3.2799999999999967,4.777777777777778,3.6657377666456,3.9281030758212703,mp-18002,K4 Li12 Ge4 O16,4,4.0529,0.0,-2.234858861361111
0.0,3.2800000000000007,5.111111111111111,2.871636283420404,3.0496946648356715,mp-559106,K2 Li6 Pb2 O8,4,1.693099999999999,0.0,-1.844757850249999
0.0,1.4759999999999986,4.8,4.6753374572041135,5.317537235794955,mp-1210935,Li12 Dy12 Te8 O48,4,3.547699999999999,0.0,-2.7717576051666653
0.0,1.4759999999999986,4.8,4.750695950263473,5.400577288575243,mp-1211256,Li12 Sm12 Te8 O48,4,3.4655,0.0,-2.744250561166666
0.0,1.4759999999999986,4.8,4.611802178882785,5.247702997340542,mp-1211646,Li12 Lu12 Te8 O48,4,3.1062,0.0,-2.779064973291667
0.0,1.4759999999999986,4.8,4.6922094420500855,5.336394237067735,mp-1211213,Li12 Tb12 Te8 O48,4,3.5219,0.0,-2.769936556916666
0.0,1.4759999999999986,4.8,4.636149702823873,5.274200216535273,mp-1211248,Li12 Tm12 Te8 O48,4,3.1382,0.0,-2.780409775791669
0.0,1.4759999999999986,4.8,4.587160276077937,5.21772915833746,mp-1210989,Li12 Er12 Te8 O48,4,3.5823,0.0,-2.777452725791666
0.0,1.4759999999999986,4.8,4.768622707848413,5.417729977909599,mp-1211386,Li12 Pr12 Te8 O48,4,3.128099999999999,0.0,-2.706880546291668
0.0,1.4759999999999986,4.8,4.663734793220281,5.3044668305587965,mp-1211542,Li12 Ho12 Te8 O48,4,3.5705,0.0,-2.773237558166665
0.0,1.4759999999999986,4.8,4.717772101740159,5.364574214159073,mp-1212457,Li12 Gd12 Te8 O48,4,2.8187,0.0,-2.738937225416667
0.0,1.8,4.8,4.862007269956504,5.5260415233763975,mp-6527,Na12 Li12 In8 F48,4,5.382199999999999,0.0,-3.013227017373563
0.0,1.4759999999999986,4.8,4.791498264592637,5.445374557744422,mp-677627,Li12 Nd12 Te8 O48,4,3.2189,0.0,-2.722538399666666
0.0,1.8,4.8,4.526201377032299,5.136666703891351,mp-6711,Na12 Li12 Al8 F48,4,7.194699999999999,0.0,-3.4596479185
0.0,2.9519999999999973,4.0,4.683446727087636,5.123718820762058,mp-1020023,Li12 Al4 Si4 O20,4,4.9447,0.0,-2.9747119095
0.0,0.3987096774193551,1.935483870967742,7.760595545331719,8.593793427110823,mp-1199218,Li12 As28 H156 N52,4,1.8092,0.0,-0.42494249328629
0.0,2.9519999999999973,4.0,4.805934560801658,5.254096803736085,mp-17685,Li12 Ga4 Ge4 O20,4,3.493299999999999,0.0,-2.35187583725
0.0,2.9519999999999973,4.0,4.710823865649881,5.154451009972959,mp-16996,Li12 Ga4 Si4 O20,4,3.8432999999999993,0.0,-2.688300978999999
0.0,2.9519999999999973,4.0,4.777671837530805,5.221359863324983,mp-6765,Li12 Al4 Ge4 O20,4,4.196099999999999,0.0,-2.632445784
0.0,2.9519999999999973,5.6,3.731168173781716,4.052775776590182,mp-540945,Na8 Li12 Ga4 O16,4,3.5213,0.0,-2.074097865275861
0.0,2.2707692307692287,4.923076923076923,4.6692060785263765,5.3745823355514055,mp-560739,K12 Li12 Te4 O24,4,2.8097000000000003,0.0,-1.9521160929551271
0.0,2.952000000000001,4.8,3.124243444018727,3.668004239487165,mp-1209478,Rb4 Li6 Ga2 O8,4,3.5182,0.0,-2.027708752249999
0.0,2.952000000000001,4.8,3.190529324005181,3.748079575254282,mp-555140,Cs4 Li6 Ga2 O8,4,3.6593,0.0,-2.003143927681034
0.0,1.8499999999999996,2.5,2.4023468974341515,2.9161200126735323,mp-505381,Na1 Li3 H8 N4,4,2.567599999999998,0.0,-0.557440299461206
0.0,3.553333333333337,5.111111111111111,4.27855953386491,4.49217865653266,mp-559904,Na8 Li24 Si8 O32,4,4.5993,0.0,-2.628363219319923
0.0,3.280000000000003,4.888888888888889,4.39070355571924,4.611223188256373,mp-561254,Na8 Li24 Ge8 O32,4,3.7766,0.0,-2.231948850708812
0.0,1.9679999999999995,3.5,4.811832127001405,5.232422096621397,mp-1199091,Li12 B20 H8 O40,4,5.833799999999999,0.0,-2.571589393666667
0.0,1.1531249999999993,2.0625,5.478117911329359,5.849257806481509,mp-1196446,Li12 As4 H64 S16 O32,5,2.3283,0.0,-1.222883343125
0.0,0.8009302325581397,3.767441860465116,5.105104206248964,5.050570018413056,mp-1195894,K18 Li6 Nd6 B14 O42,5,3.7614,0.0,-2.766882402718993
0.0,1.2834782608695654,3.652173913043478,3.785946278982893,3.99986084611728,mp-1019555,Ba2 Na2 Li6 B12 O24,5,5.3099,0.0,-2.844957427668665
0.0,0.6150000000000001,3.25,5.399779677678097,7.02559126006262,mp-6844,K2 Li6 Si24 Sn4 O60,5,4.4444,0.0,-3.035673169734375
0.0,0.4414285714285713,1.6428571428571428,3.796557204005556,5.204725,mp-866667,Li3 As1 H36 Se4 N12,5,1.8623999999999992,0.0,-0.513047472354911
0.0,1.4349999999999987,3.5416666666666665,5.454437781156649,6.144251246014623,mp-1020705,Rb8 Li12 B4 P16 O56,5,5.5554,0.0,-2.738594326780752
0.0,1.4349999999999987,3.5416666666666665,5.412812149811371,6.103262138912105,mp-1019778,K8 Li12 B4 P16 O56,5,5.590599999999999,0.0,-2.740575714364087
0.0,0.7379999999999993,3.0,6.250721793219103,6.69281730783042,mp-1196318,Cs8 Li12 B12 P24 Pb8 O96,6,5.0959,0.0,-2.683245777116686
0.0,0.7379999999999993,3.3,6.214040553166431,6.655348152642405,mp-1019609,Cs8 Sr8 Li12 B12 P24 O96,6,5.6206,0.0,-2.901800295804187
0.0,4.919999999999996,5.0,2.8789100311899505,3.2113220399176177,mp-4426,Li8 Se2 O10,3,2.4442,0.0,-1.950933552567708
0.0,4.926666666666665,4.666666666666667,2.2037863277622805,2.8164626222249383,mp-29149,Li4 N1 Cl1,3,1.7617,0.0,-1.018106857986112
0.0,3.0222222222222186,4.777777777777778,4.729707036957162,5.051870852640144,mp-1222529,Li16 Ge4 S16,3,2.520299999999999,0.0,-1.283530490648147
0.0,4.919999999999998,4.888888888888889,2.6767914545438654,3.0364673814712906,mp-11737,Li8 Si2 O8,3,4.7841000000000005,0.0,-2.6748830125925918
0.0,3.0276923076923072,3.692307692307693,3.254767504406758,3.569985809440115,mp-28450,Li8 P4 O14,3,5.6108,0.0,-2.743522603278387
0.0,5.903999999999995,6.0,2.7197868994499883,3.0140893196950342,mp-4804,Li8 Te2 O10,3,2.7111,0.0,-2.104244935500001
0.0,3.199999999999996,4.888888888888889,4.8142658913307335,5.14437596845037,mp-1195718,Li16 Sn4 S16,3,2.3564,0.0,-1.273753093981481
0.0,4.373333333333332,4.444444444444445,2.799901778348321,3.022638905349455,mp-22170,Li8 Pb2 O8,3,1.4367,0.0,-1.919143204259254
0.0,4.373333333333332,4.444444444444445,2.6799893681620577,2.8804366220396207,mp-4558,Li8 Ge2 O8,3,4.0961,0.0,-2.297887119259258
0.0,5.904000000000002,6.0,2.2376823852715915,2.851642756306965,mp-7714,Li4 U1 O5,3,1.7311,0.0,-2.893856123833333
0.0,3.56,4.0,2.2435457887735755,2.624302733341336,mp-30228,Li8 H2 N2,3,1.9079,0.0,-0.470201509097221
0.0,3.2781818181818183,3.363636363636364,3.077728372072197,3.326484104708058,mp-643259,Li8 H6 Cl2 O6,4,4.4775,0.0,-1.854647198371211
0.0,3.223636363636363,3.363636363636364,3.1238516017234024,3.34097010395596,mp-753690,Li8 H6 Br2 O6,4,4.4379,0.0,-1.807251558371211
0.0,2.197333333333333,5.066666666666666,2.644625843256065,2.734472187482735,mp-1104857,Sr3 Li4 Si2 N6,4,2.107,0.0,-1.040308551555555
0.0,2.197333333333333,5.6,2.55971848470752,2.646105317358421,mp-567219,Li4 Ca3 Si2 N6,4,2.2904,0.0,-1.129372628222224
0.0,2.197333333333333,5.6,2.6732213543927643,2.731595604729972,mp-567371,Sr3 Li4 Ge2 N6,4,2.0534,0.0,-0.720522134888888
0.0,1.0933333333333335,3.6666666666666665,3.1115197739932903,3.253909615536302,mp-558102,K2 Li2 Si4 O10,4,4.7068,0.0,-2.9760130617314813
0.0,0.8945454545454546,3.272727272727273,3.2886314381456017,4.995825241765941,mp-8491,Li2 In2 P4 O14,4,3.9726,0.0,-2.6025876490259723
0.0,0.9839999999999998,3.4,5.149618774791036,5.990628587166602,mp-560667,Cs8 Li8 P16 O48,4,5.2843,0.0,-2.6983586913524222
0.0,0.756923076923077,3.4615384615384617,3.6497998969174414,4.549327618373326,mp-553926,Na4 Li4 B16 O28,4,5.8776,0.0,-2.7798495456830232
0.0,0.8919999999999998,5.866666666666666,3.054769803169556,3.086787646324085,mp-1222458,Li2 B24 P2 C2,4,2.4016,0.0,-0.272653682698412
0.0,1.405714285714286,3.571428571428572,2.5307015036662195,2.5519270297460217,mp-557632,K4 Li2 B2 O6,4,3.5825,0.0,-2.343015470999999
0.0,0.984,2.4,2.4261218981947232,3.2172495,mp-1180504,Li2 H4 I2 O2,4,3.6828,0.0,-1.344195065166666
0.0,1.5450000000000004,4.0,3.702229249741688,5.084451845511204,mp-1200439,Li4 In4 C8 N16,4,2.8984,0.0,-0.350902039062502
0.0,1.5450000000000004,4.0,3.5135034179637743,4.810820906053476,mp-1204402,Li4 Al4 C8 N16,4,3.5404,0.0,-0.7155438066666681
0.0,0.5466666666666667,2.888888888888889,4.895541848838048,7.026537406051979,mp-1211020,Li4 Ga4 P16 O48,4,5.0646,0.0,-2.617891444272486
0.0,0.8199999999999998,5.833333333333333,5.722965809499473,7.322693523373323,mp-558483,K32 Li8 I8 O48,4,2.312,0.0,-1.6488769201944442
0.0,2.0499999999999985,5.0,4.354947376022721,5.59807738651651,mp-561237,Li8 Ca8 B8 O24,4,5.039099999999999,0.0,-3.011904808333334
0.0,0.5466666666666667,3.7777777777777777,4.535603045307119,6.4090910111832615,mp-1020109,Li4 Mg12 P12 O44,4,5.3095,0.0,-2.972969114570104
0.0,0.6885714285714286,4.285714285714286,4.994406605910001,6.412859300793039,mp-1192357,Sr12 Li4 As8 H4,4,1.4556,0.0,-1.013985053511904
0.0,0.6885714285714286,4.285714285714286,4.719346011885023,6.050791252001413,mp-1192528,Li4 Ca12 As8 H4,4,1.441699999999999,0.0,-1.041394735654762
0.0,0.7357142857142858,4.0,4.122761699001244,5.585148735537165,mp-1195211,Li4 Nd4 P16 N32,4,3.5181,0.0,-1.032657830671769
0.0,2.108571428571429,4.571428571428571,3.6775132785227775,5.275588856975901,mp-15066,Li4 Tm4 Si4 O16,4,4.8668,0.0,-3.440315098690477
0.0,2.108571428571429,4.571428571428571,3.6965725955642097,5.282163560595769,mp-17854,Li4 In4 Ge4 O16,4,2.4008000000000003,0.0,-2.172037273214285
0.0,1.0299999999999998,2.5,4.095306065511535,5.398064323882333,mp-510073,Rb4 Li4 H16 N8,4,2.6836,0.0,-0.5154866235416671
0.0,2.108571428571429,4.571428571428571,3.617147301791544,5.184949987487677,mp-7205,Li4 In4 Si4 O16,4,3.028699999999999,0.0,-2.652957972499999
0.0,2.108571428571429,4.571428571428571,3.493054697771307,5.007908173870027,mp-9625,Li4 Mg4 P4 O16,4,5.4297,0.0,-2.946585101496598
0.0,1.5,4.833333333333333,3.039695052481982,3.5045245,mp-1210006,Na2 Li2 Tm4 F16,4,7.552,0.0,-4.039499500809388
0.0,1.5,4.833333333333333,3.0730000655832064,3.541706,mp-1209986,Na2 Li2 Er4 F16,4,7.4719,0.0,-4.029100699142719
0.0,1.5,4.833333333333333,3.034988756542893,3.4948625,mp-1209991,Na2 Li2 Lu4 F16,4,7.2608,0.0,-4.037096829003832
0.0,1.5,4.833333333333333,3.052595029379916,3.5201305,mp-1210003,Na2 Li2 Ho4 F16,4,7.5674,0.0,-4.022063373726053
0.0,0.9840000000000002,4.0,3.673198855346424,6.269401846221101,mp-768150,Li2 Bi6 Br4 O8,4,2.671399999999999,0.0,-1.724943365333334
0.0,1.7760000000000002,2.8,3.168042881845358,3.699017952790962,mp-754153,Li4 H8 Br4 O4,4,4.3086,0.0,-1.503645087666667
0.0,0.9840000000000002,4.4,3.749880209298527,6.394229078698135,mp-775430,Li2 Bi6 I4 O8,4,1.905899999999999,0.0,-1.5806592863333342
0.0,0.9840000000000002,3.4,3.6269992437388425,6.215375276331955,mp-754206,Li2 Bi6 Cl4 O8,4,2.8283,0.0,-1.807761035833334
0.0,0.7999999999999998,7.5,3.922884635510707,4.671512987559949,mp-9722,Na8 Li4 Ga4 As8,4,1.2155,0.0,-0.5484412151819931
0.0,0.7999999999999998,6.0,4.251060191936669,5.024259534593045,mp-505431,K8 Li4 In4 As8,4,1.1838,0.0,-0.5508561190833331
0.0,0.7999999999999998,6.333333333333333,4.130135376507218,4.865145217352157,mp-9703,K8 Li4 Ga4 As8,4,1.1937,0.0,-0.5732784683888881
0.0,0.806666666666667,6.0,3.765886965783228,4.482773889952719,mp-9719,Na8 Li4 Al4 P8,4,1.992999999999999,0.0,-0.6294795821462771
0.0,0.8200000000000002,2.6666666666666665,4.273288547089614,5.346834009267233,mp-1020106,Li4 B4 S8 O32,4,6.5201,0.0,-2.120727629374999
0.0,0.5347826086956523,2.8260869565217392,4.667218766315607,6.788433232398129,mp-1222447,Li2 P10 Pb4 O30,4,4.6531,0.0,-2.538434123110764
0.0,0.5347826086956523,3.0,4.653127093468663,6.753618033619935,mp-26949,Li2 Sn4 P10 O30,4,4.0844,0.0,-2.501042855719462
0.0,0.8066666666666666,6.0,2.862293421589927,3.062101,mp-6450,K4 Li2 Al2 P4,4,1.8853,0.0,-0.633230926186506
0.0,3.812999999999998,4.7,5.336066116261843,5.528577873028111,mp-557268,K8 Li32 Al8 O32,4,4.149,0.0,-2.410383530683333
0.0,1.58142857142857,3.2857142857142856,7.454133042786183,7.900313047525777,mp-1019615,Cs9 Li12 B21 O42,4,4.5305,0.0,-2.693396767611863
0.0,2.538181818181817,2.363636363636364,2.2956800334974115,2.747226303168792,mp-1101935,Li4 Mg1 H3 N3,4,2.9272,0.0,-0.648587624280303
0.0,3.4061538461538445,4.615384615384615,3.5633325185470666,3.979940791361916,mp-557467,Li8 Ca2 B4 O12,4,4.7254000000000005,0.0,-2.778116286666666
0.0,2.197333333333333,5.333333333333333,2.5519265647676246,2.672705178465243,mp-1020016,Li4 Ca2 Mg1 Si2 N6,5,3.2799,0.0,-1.112437577888889
0.0,0.5149999999999999,3.333333333333333,4.260597401112149,5.187816339975094,mp-1198663,K8 Li4 H24 N12,4,2.3848000000000003,0.0,-0.490211233569444
0.0,1.341818181818182,6.545454545454546,3.3369782781388424,5.802077465930657,mp-1218428,Sr6 Li2 Bi2 O12,4,2.1229,0.0,-2.526498112121212
0.0,0.5818181818181818,3.636363636363636,3.813516805214991,4.59429027979411,mp-557892,Ba2 Li2 B6 S12,4,2.8597,0.0,-1.197826336893938
0.0,0.5818181818181818,3.727272727272727,3.733549669318573,4.457717850742756,mp-558219,Sr2 Li2 B6 S12,4,2.91,0.0,-1.17706906280303
0.0,0.3162857142857143,3.0285714285714285,4.232308665994196,2.7390558333864874,mp-1218822,Sr4 Li2 B20 H6 O38,5,5.3061,0.0,-2.769666489821484
0.0,0.2942857142857142,4.380952380952381,3.1971938421880477,0.0,mp-1222517,Li1 La5 Si4 N10 O1,5,2.393399999999999,0.0,-1.69411446015873
0.0,0.4100000000000001,3.4166666666666665,4.126714640761228,5.8553182466505085,mp-1020146,Na4 Li2 B10 P4 O28,5,5.5805,0.0,-2.7806599083837917
0.0,0.6560000000000001,3.6666666666666665,4.454362421918025,5.44912714648671,mp-1020647,Sr8 Li4 Be4 B12 O32,5,4.9369,0.0,-3.085197766055542
0.0,0.8200000000000002,3.1666666666666665,4.591246970664495,6.166200826564982,mp-1019708,Cs4 Ba4 Li4 P8 O28,5,5.0427,0.0,-2.939747212689518
0.0,0.702857142857143,3.571428571428572,4.3707840469118135,5.470859981045604,mp-1019782,K8 Li4 B4 P8 O32,5,5.5562000000000005,0.0,-2.739611065448979
0.0,0.5904000000000001,4.24,4.931589512534835,8.174731283326219,mp-1185531,Li2 Nd12 B6 O26 F4,5,4.4538,0.0,-3.595009685633333
0.0,0.75,3.8333333333333335,3.119958492917481,4.473698560130484,mp-561257,Li2 Pr4 C4 N8 F6,5,3.6739,0.0,-2.075887731805556
0.0,0.9,4.8,3.3216613637412897,0.0,mp-15079,Cs4 K1 Li1 Ga2 F12,5,6.0451,0.0,-3.081775397710201
0.0,0.5149999999999999,3.5,5.091315125244996,6.616075280266206,mp-1197768,Ba8 Li4 Al4 C16 N32,5,4.1281,0.0,-0.8707911422395831
0.0,0.9225000000000002,3.0,4.292149687916043,7.266,mp-1097038,Li2 Al4 H12 Br2 O12,5,4.7911,0.0,-2.051382473489583
0.0,0.9225000000000002,3.0,4.221409821441185,7.1422915,mp-643655,Li2 Al4 H12 Cl2 O12,5,5.1532,0.0,-2.080809645989584
0.0,0.2496969696969697,1.7575757575757576,4.529516527721977,4.046533191220353,mp-760046,Li2 P2 H42 S6 N14,5,3.2702,0.0,-0.532270511112914
0.0,1.3199999999999994,5.111111111111111,4.750030266097848,5.219254853994054,mp-569782,Sr8 Li4 C4 Br12 N8,5,4.0588,0.0,-1.720191476759259
0.0,1.12,4.444444444444445,4.939030652609772,5.400231056464158,mp-1200887,Li4 Eu8 C4 I12 N8,5,1.026099999999999,0.0,-1.39423177564815
0.0,0.8945454545454544,2.1818181818181817,5.545915374765609,6.8775098816280575,mp-1194832,Li8 H32 S8 N8 O32,5,5.371499999999999,0.0,-1.480258313939405
0.0,0.1968,3.48,5.376209662054373,8.740171393834782,mp-694935,K6 Li2 Mg8 Si24 O60,5,4.77,0.0,-3.150132958201667
0.0,2.186666666666667,4.222222222222222,2.968350879528544,2.771392263212467,mp-8450,Rb4 Li4 Ge2 O8,4,3.3651,0.0,-2.123341942407406
0.0,2.288888888888891,5.333333333333333,5.115820885907672,5.329759213175174,mp-1199122,Li24 Ca12 Si24 N48,4,3.465799999999999,0.0,-1.263057960833334
0.0,1.831111111111113,4.444444444444445,5.161861928258474,5.373779808430047,mp-978840,Sr12 Li24 Si24 N48,4,3.559699999999999,0.0,-1.222752946018515
0.0,2.4600000000000004,4.0,2.8272820208843648,3.5431400788118936,mp-1210797,Li4 Mg2 Ge2 O8,4,3.7673,0.0,-2.524434063333333
0.0,2.4600000000000004,4.25,2.9197581614998365,3.818689969488104,mp-9066,Na2 Li4 As2 O8,4,3.8891,0.0,-2.199363304443247
0.0,2.952000000000001,4.8,3.1210891665913025,4.200004640383587,mp-8673,Li4 Sn2 Te2 O12,4,2.0439,0.0,-2.003959109333333
0.0,3.146666666666667,4.0,2.4891547202583606,2.9928608545621067,mp-1020019,Li4 P2 N2 O4,4,5.6015,0.0,-2.172982110218253
0.0,0.9371428571428568,2.571428571428572,5.839844680231518,7.08401875737829,mp-720254,Li8 H16 S12 O48,4,6.0118,0.0,-1.8093971725793647
0.0,1.4973913043478249,3.3043478260869565,5.108220679594245,6.141732359350135,mp-1211215,Li8 Nd4 N20 O60,4,3.6948,0.0,-1.4313096113768111
0.0,1.4973913043478249,3.3043478260869565,5.079542494937845,6.107518785094206,mp-1211322,Li8 Sm4 N20 O60,4,3.6957,0.0,-1.428793071376812
0.0,1.4973913043478249,3.217391304347826,5.142193714232829,6.181893952627052,mp-1211252,Li8 La4 N20 O60,4,3.7223,0.0,-1.449697932463769
0.0,1.4973913043478249,3.217391304347826,5.0344613851411975,6.051094493396681,mp-555979,Li8 Pr4 N20 O60,4,3.683,0.0,-1.433104394275362
0.0,2.1142857142857143,2.2857142857142856,3.379747187978682,4.0479913094508575,mp-1193106,Li8 Mg4 H8 N8,4,2.3086,0.0,-0.6837504177380951
0.0,1.0357894736842104,3.3684210526315788,4.768204219308313,5.844782526239569,mp-14646,Li8 Mg8 S12 O48,4,5.873299999999999,0.0,-2.379823437192981
0.0,3.7120000000000006,3.6,3.41279214321814,4.08566556013673,mp-1120754,Li8 H4 Cl4 O4,4,4.969200000000001,0.0,-1.932182832083333
0.0,1.3333333333333333,4.944444444444445,6.332874901139125,7.251143176284524,mp-1196988,K20 Li8 Pr4 F40,4,6.4766,0.0,-3.327178052754629
0.0,2.4599999999999995,4.5,3.726890870699336,4.48851581833017,mp-558045,Na4 Li8 P4 O16,4,5.3418,0.0,-2.683879766898603
0.0,1.3333333333333333,4.944444444444445,6.324741160894849,7.246170275274358,mp-557798,K20 Li8 Nd4 F40,4,6.6389,0.0,-3.331231379467592
0.0,2.811428571428571,3.7142857142857135,3.386839748754516,4.04135697673827,mp-558628,K4 Li8 B4 O12,4,4.004,0.0,-2.458561459011904
0.0,1.8285714285714292,4.857142857142857,4.240487002753128,5.032007503561365,mp-559238,Cs4 Li8 B4 S12,4,3.1955,0.0,-1.290974935784071
0.0,1.9680000000000004,2.8,3.729297200649421,4.431363666094161,mp-643069,Li8 H4 I4 O4,4,4.3237,0.0,-1.661883586583333
0.0,2.4600000000000004,4.0,2.6450287292178465,3.3034594130242216,mp-8070,Li4 Be2 Si2 O8,4,6.0565,0.0,-2.969780010208333
0.0,1.1808000000000003,5.12,4.442746133479663,5.892411281144551,mp-1228411,Ba10 Li4 U6 O30,4,1.2725,0.0,-3.389303742866665
0.0,1.1808000000000003,5.44,4.304049181410486,5.706528477707589,mp-1228258,Ba10 Li4 Te6 O30,4,1.211199999999999,0.0,-2.441261726666666
0.0,1.0926315789473684,2.9473684210526314,3.7937826392750127,4.844732730125675,mp-1200209,Li4 B12 O18 F4,4,6.2705,0.0,-2.899619318771929
0.0,0.97,2.9,3.9635019508681344,4.072751076862541,mp-2647033,Li4 H4 C12 N18 Cl2,5,2.9466,0.0,-0.459211584958333
0.0,1.6278260869565215,3.4782608695652173,4.044532592143601,4.818671191479919,mp-1211214,Li8 Be6 As6 Br2 O24,5,3.8547,0.0,-2.33271130655797
0.0,1.5756521739130436,3.4782608695652173,3.952074440920788,4.807879390330014,mp-1211168,Li8 Be6 P6 I2 O24,5,5.3771,0.0,-2.806647161620082
0.0,1.5756521739130436,3.4782608695652173,4.185132033148766,5.06111202046236,mp-557456,Li8 Al6 Ge6 I2 O24,5,3.306,0.0,-2.615438569710145
0.0,1.662608695652174,3.4782608695652173,3.901799539108525,4.615466537000992,mp-560894,Li8 Be6 P6 Cl2 O24,5,6.4154,0.0,-2.870299692707039
0.0,1.662608695652174,3.4782608695652173,4.104374896498566,4.84705146549745,mp-23648,Li8 Al6 Si6 Cl2 O24,5,5.453399999999999,0.0,-3.122293324927536
0.0,1.5756521739130436,3.4782608695652173,4.144277698293126,5.006698569457562,mp-557112,Li8 Ga6 Si6 I2 O24,5,3.6307,0.0,-2.68322694242753
0.0,1.662608695652174,3.4782608695652173,4.026963135538292,4.725832033192217,mp-560072,Li8 Be6 As6 Cl2 O24,5,4.4494,0.0,-2.356381743731884
0.0,1.6278260869565215,3.4782608695652173,4.21613718868158,5.024909850751052,mp-554733,Li8 Al6 Ge6 Br2 O24,5,3.6335,0.0,-2.645562806449274
0.0,1.6278260869565215,3.4782608695652173,4.111343346160907,4.887986177636813,mp-556649,Li8 Ga6 Si6 Br2 O24,5,4.1359,0.0,-2.715361149601443
0.0,1.6278260869565215,3.4782608695652173,3.922219406510288,4.6993748762381085,mp-554560,Li8 Be6 P6 Br2 O24,5,6.0638,0.0,-2.845733534880951
0.0,1.662608695652174,3.4782608695652173,4.1482250496723685,4.87889905421327,mp-554203,Li8 Ga6 Si6 Cl2 O24,5,4.5903,0.0,-2.735295863949276
0.0,2.459999999999999,4.75,4.914627883846309,5.4067608847055775,mp-555089,Sr4 Li16 Ca4 Si8 O32,5,5.0666,0.0,-3.036285777395833
0.0,4.277361111111095,5.104166666666667,6.185552444090844,6.275485173528399,mp-686208,Li80 Si16 N48,3,2.159999999999999,0.0,-0.8706298930324081
0.0,5.367272727272728,5.454545454545454,2.3279176751711206,2.7310212583754714,mp-29364,Li5 Sb1 O5,3,2.914,0.0,-2.198206253787879
0.0,4.919999999999989,4.8,5.286507585303891,5.441366332133354,mp-27483,Li40 Tl8 O32,3,1.6838000000000002,0.0,-1.864534572124999
0.0,6.150000000000004,6.0,4.18741364077516,4.480548219357197,mp-1211142,Li15 I3 O18,3,2.590699999999999,0.0,-1.899762689305558
0.0,4.919999999999989,4.8,4.340495388725711,4.533206046555824,mp-15960,Li40 Al8 O32,3,4.662000000000001,0.0,-2.496202980041666
0.0,4.919999999999989,4.8,4.39290986400762,4.592264515578533,mp-4657,Li40 Ga8 O32,3,3.763,0.0,-2.216491645416666
0.0,4.514999999999999,4.5,2.408762188231936,2.8986323688563878,mp-29025,Li5 Br2 N1,3,2.0781,0.0,-1.160461586458333
0.0,5.367272727272728,5.454545454545454,2.4325809294854714,2.86658851615785,mp-29365,Li5 Bi1 O5,3,1.3597,0.0,-1.948860575606061
0.0,1.546399999999997,4.12,5.590431070465329,5.82363146659914,mp-532413,Li20 B28 S52,3,3.5858,0.0,-1.001553554133332
0.0,2.791111111111112,5.555555555555555,3.3007805997980024,3.668130771927607,mp-685991,Li10 Si2 P6,3,1.3160999999999992,0.0,-0.5903389078439151
0.0,3.006666666666664,4.222222222222222,3.56667961070182,3.8666266994196574,mp-560653,Rb2 Na2 Li12 Si4 O16,5,4.7495,0.0,-2.61614442604885
0.0,5.447142857142857,5.285714285714286,2.343684624341031,2.610647517222404,mp-38487,Li7 Bi1 O6,3,1.9268,0.0,-1.9806555430952384
0.0,4.806666666666671,5.333333333333333,4.852652709928783,5.040153023311039,mp-1029522,Li56 Sb8 N32,3,2.245,0.0,-0.524694479652778
0.0,4.806666666666671,5.333333333333333,4.526195714358318,4.691086583491742,mp-14712,Li56 P8 N32,3,3.6274,0.0,-0.896406501636904
0.0,3.277000000000001,3.8,2.922813654947677,3.099982229085835,mp-675941,Li14 I2 N4,3,1.91,0.0,-0.661041414833333
0.0,3.2799999999999967,4.0,3.524204710199488,3.726774175104254,mp-554752,Rb2 Li14 Si4 O16,4,4.8727,0.0,-2.634503632268519
0.0,3.370909090909093,4.090909090909091,2.964031424948109,3.1453359552249465,mp-1190809,Li16 Te2 N4,3,2.171399999999999,0.0,-0.677106386666666
0.0,3.513636363636365,4.181818181818182,2.8769374957497025,3.054820634744729,mp-973793,Li16 Se2 N4,3,1.7523,0.0,-0.750440787263257
0.0,5.903999999999997,5.6,2.32384771705132,2.5525266597418783,mp-4527,Li8 Sn1 O6,3,3.8134,0.0,-2.143005662111111
0.0,5.247999999999998,4.8,3.446034725909975,3.662796645286525,mp-28549,Li16 Si2 O12,3,4.4509,0.0,-2.435039187444444
0.0,3.0900000000000003,3.4285714285714284,2.8648353792671832,3.146071776430064,mp-28989,Li10 Br1 N3,3,1.3667,0.0,-0.6631821730952381
0.0,2.7945999999999938,4.54,5.225489701138162,5.556553584595253,mp-721253,Li20 Si2 P4 Se24,4,1.606599999999999,0.0,-1.074566643429761
0.0,2.7631999999999937,4.5,5.244618512209078,5.575158373106098,mp-721239,Li20 Ge2 P4 Se24,4,1.506599999999999,0.0,-1.049683511629762
0.0,2.7631999999999937,4.46,5.276136266354724,5.605974038426975,mp-721252,Li20 Sn2 P4 Se24,4,1.5635,0.0,-1.053918454029761
0.0,3.2799999999999967,4.666666666666667,3.510269973323467,3.794510169907885,mp-17240,Rb1 Na3 Li12 Si4 O16,5,4.8031,0.0,-2.623642914489942
0.0,3.2799999999999967,4.444444444444445,3.54362025701345,3.832645028174208,mp-17718,Cs1 K1 Na2 Li12 Si4 O16,6,4.872199999999999,0.0,-2.617462862212883
0.0,4.9343999999999975,5.12,2.999287224347928,3.217181365714252,mp-1020011,Li14 P2 N6 O3,4,3.601799999999999,0.0,-1.314420231638095
0.0,4.174545454545451,4.848484848484849,3.358928196034614,3.485679753143317,mp-504810,Rb2 Li14 Pb3 O14,4,1.9342,0.0,-1.908136938838383
0.0,4.174545454545451,4.848484848484849,3.3498811205951418,3.476451839493072,mp-504806,K2 Li14 Pb3 O14,4,2.018199999999999,0.0,-1.9075615027626247
0.0,1.777777777777775,4.222222222222222,6.529117448161026,6.879012238082021,mp-1223032,Li18 Nd4 P10 S40,4,2.6719,0.0,-1.253378134255952
0.0,1.5846153846153856,5.384615384615385,4.526330941496676,4.746560545909991,mp-1202424,Li10 La10 Si8 N24,4,2.5229,0.0,-1.374869756602565
0.0,3.514285714285712,5.0,3.1313563960717445,3.335878179317855,mp-555082,Cs2 Li10 B4 O12,4,3.6328,0.0,-2.498521899618226
0.0,2.577142857142855,4.9523809523809526,3.630683128911072,3.810212371607164,mp-558455,Na8 Li10 B6 O18,4,3.9373,0.0,-2.4331572026039963
0.0,3.2727272727272734,4.545454545454546,5.221564896515466,5.513077268959154,mp-559814,Li20 Sb4 S12 I8,4,2.7011000000000003,0.0,-1.270793913333332
0.0,5.676923076923076,5.538461538461538,2.311044749497909,2.690740402756606,mp-7941,Li6 Te1 O6,3,2.798,0.0,-2.132090702051282
0.0,4.541538461538463,4.615384615384615,2.403861930029377,2.6533633868425075,mp-8609,Li6 U1 O6,3,2.1685,0.0,-2.73728111
0.0,2.990769230769232,4.307692307692308,3.0894933266186286,3.550102963185011,mp-1222482,Li6 As1 S5 I1,4,1.5398,0.0,-1.217049473461538
0.0,3.495789473684213,4.684210526315789,5.161933092197872,5.403715749430094,mp-1198049,Li24 Nd4 B12 O36,4,4.5791,0.0,-2.799694764473684
0.0,3.625263157894738,4.7368421052631575,5.133338310552594,5.375427782192219,mp-1211340,Li24 Tm4 B12 O36,4,4.8029,0.0,-2.8252910592105263
0.0,3.625263157894738,4.7368421052631575,5.188974983324777,5.430185866813516,mp-1211541,Li24 Sm4 B12 O36,4,4.6432,0.0,-2.80843387986842
0.0,3.625263157894738,4.7368421052631575,5.072828792282397,5.311059960339032,mp-1211468,Li24 Er4 B12 O36,4,4.7625,0.0,-2.82316728868421
0.0,3.625263157894738,4.7368421052631575,5.153677257686244,5.39551366012177,mp-12160,Li24 Ho4 B12 O36,4,4.7449,0.0,-2.822621197631578
0.0,4.217142857142858,6.0,2.4373911632184497,2.651988217992856,mp-23582,K1 Li6 Bi1 O6,4,1.4216,0.0,-1.985202468375
0.0,3.4061538461538468,4.307692307692308,2.572398221432495,2.983421973124153,mp-1103940,Li6 P1 Br1 O5,4,5.1094,0.0,-2.453378781895604
